"0","score_hospital <- function(df) {"
"0","  df$score <- 10:1"
"0","  return(df[, c(""hospital_name"", ""score"")])"
"0","}"
"0",""
"0","licensed_scores <- score_hospital(licensed_beds)"
"0","census_scores <- score_hospital(census_beds)"
"0","staffed_scores <- score_hospital(staffed_beds)"
"0",""
"0","# Combine scores from all categories"
"0","combined_scores <- rbind(licensed_scores, census_scores, staffed_scores)"
"0",""
"0","# Aggregate scores for each hospital"
"0","aggregate_scores <- aggregate(score ~ hospital_name, combined_scores, sum)"
"0",""
"0","# Sort hospitals by total score"
"0","aggregate_scores <- aggregate_scores[order(-aggregate_scores$score), ]"
"0",""
"0","# Print top hospitals by total score"
"0","print(aggregate_scores)"
